{"cameraMode":{"drawMode":0,"name":"Shaded","section":"Shading Mode"},"sceneLighting":true,"audioPlay":false,"sceneViewState":{"m_AlwaysRefresh":false,"showFog":true,"showSkybox":true,"showFlares":true,"showImageEffects":true,"showParticleSystems":true,"showVisualEffectGraphs":true,"m_FxEnabled":true},"in2DMode":false,"pivot":{"x":263.98565673828127,"y":207.33334350585938,"z":184.5924072265625},"rotation":{"x":-0.07821445912122727,"y":-0.012254421599209309,"z":0.0009611730347387493,"w":-0.9968626499176025},"size":257.0760803222656,"orthographic":true}